{"KNN": [0.7210884353741497, 0.7210884353741497, 0.7210884353741497, 0.7210884353741497], "Random Forest": [0.8741496598639455, 0.8639455782312925, 0.8741496598639455, 0.8571428571428571], "XGBoost": [0.8707482993197279, 0.8707482993197279, 0.8707482993197279, 0.8707482993197279], "Logistic Regression": [0.7619047619047619, 0.7619047619047619, 0.7619047619047619, 0.7619047619047619]}